{
    "distance_1": {
        "correct": 10,
        "total": 17,
        "accuracy": 58.82352941176471
    },
    "static_factual": {
        "correct": 27,
        "total": 27,
        "accuracy": 100.0
    },
    "datingConsultation": {
        "correct": 10,
        "total": 17,
        "accuracy": 58.82352941176471
    },
    "abstention": {
        "correct": 3,
        "total": 27,
        "accuracy": 11.11111111111111
    },
    "distance_0": {
        "correct": 19,
        "total": 37,
        "accuracy": 51.35135135135135
    },
    "travelPlanning": {
        "correct": 19,
        "total": 37,
        "accuracy": 51.35135135135135
    }
}