{
    "distance_4": {
        "correct": 17,
        "total": 29,
        "accuracy": 58.620689655172406
    },
    "static_factual": {
        "correct": 73,
        "total": 75,
        "accuracy": 97.33333333333334
    },
    "therapy": {
        "correct": 17,
        "total": 29,
        "accuracy": 58.620689655172406
    },
    "abstention": {
        "correct": 22,
        "total": 75,
        "accuracy": 29.333333333333332
    },
    "distance_3": {
        "correct": 26,
        "total": 39,
        "accuracy": 66.66666666666666
    },
    "foodRecommendation": {
        "correct": 26,
        "total": 39,
        "accuracy": 66.66666666666666
    },
    "distance_2": {
        "correct": 27,
        "total": 39,
        "accuracy": 69.23076923076923
    },
    "travelPlanning": {
        "correct": 27,
        "total": 39,
        "accuracy": 69.23076923076923
    },
    "distance_1": {
        "correct": 3,
        "total": 3,
        "accuracy": 100.0
    },
    "new_content_discriminative": {
        "correct": 3,
        "total": 3,
        "accuracy": 100.0
    },
    "writing": {
        "correct": 3,
        "total": 3,
        "accuracy": 100.0
    },
    "distance_0": {
        "correct": 23,
        "total": 41,
        "accuracy": 56.09756097560976
    },
    "legal": {
        "correct": 23,
        "total": 41,
        "accuracy": 56.09756097560976
    }
}