{
    "distance_1": {
        "correct": 10,
        "total": 15,
        "accuracy": 66.66666666666666
    },
    "static_factual": {
        "correct": 26,
        "total": 26,
        "accuracy": 100.0
    },
    "therapy": {
        "correct": 10,
        "total": 15,
        "accuracy": 66.66666666666666
    },
    "abstention": {
        "correct": 11,
        "total": 26,
        "accuracy": 42.30769230769231
    },
    "distance_0": {
        "correct": 26,
        "total": 37,
        "accuracy": 70.27027027027027
    },
    "datingConsultation": {
        "correct": 26,
        "total": 37,
        "accuracy": 70.27027027027027
    }
}