{
    "distance_3": {
        "correct": 8,
        "total": 15,
        "accuracy": 53.333333333333336
    },
    "static_factual": {
        "correct": 82,
        "total": 82,
        "accuracy": 100.0
    },
    "therapy": {
        "correct": 8,
        "total": 15,
        "accuracy": 53.333333333333336
    },
    "abstention": {
        "correct": 35,
        "total": 82,
        "accuracy": 42.68292682926829
    },
    "distance_2": {
        "correct": 25,
        "total": 35,
        "accuracy": 71.42857142857143
    },
    "foodRecommendation": {
        "correct": 167,
        "total": 212,
        "accuracy": 78.77358490566037
    },
    "distance_1": {
        "correct": 59,
        "total": 77,
        "accuracy": 76.62337662337663
    },
    "graph_of_updates": {
        "correct": 19,
        "total": 21,
        "accuracy": 90.47619047619048
    },
    "recommendations": {
        "correct": 19,
        "total": 21,
        "accuracy": 90.47619047619048
    },
    "reasons_of_change": {
        "correct": 18,
        "total": 18,
        "accuracy": 100.0
    },
    "distance_0": {
        "correct": 81,
        "total": 98,
        "accuracy": 82.6530612244898
    }
}