{
    "distance_5": {
        "correct": 32,
        "total": 43,
        "accuracy": 74.4186046511628
    },
    "static_factual": {
        "correct": 71,
        "total": 72,
        "accuracy": 98.61111111111111
    },
    "travelPlanning": {
        "correct": 46,
        "total": 65,
        "accuracy": 70.76923076923077
    },
    "abstention": {
        "correct": 32,
        "total": 72,
        "accuracy": 44.44444444444444
    },
    "reasons_of_change": {
        "correct": 17,
        "total": 18,
        "accuracy": 94.44444444444444
    },
    "graph_of_updates": {
        "correct": 12,
        "total": 12,
        "accuracy": 100.0
    },
    "recommendations": {
        "correct": 16,
        "total": 17,
        "accuracy": 94.11764705882352
    },
    "distance_4": {
        "correct": 3,
        "total": 3,
        "accuracy": 100.0
    },
    "new_content_discriminative": {
        "correct": 3,
        "total": 3,
        "accuracy": 100.0
    },
    "writing": {
        "correct": 3,
        "total": 3,
        "accuracy": 100.0
    },
    "distance_3": {
        "correct": 45,
        "total": 57,
        "accuracy": 78.94736842105263
    },
    "therapy": {
        "correct": 45,
        "total": 57,
        "accuracy": 78.94736842105263
    },
    "distance_2": {
        "correct": 13,
        "total": 21,
        "accuracy": 61.904761904761905
    },
    "distance_1": {
        "correct": 32,
        "total": 39,
        "accuracy": 82.05128205128204
    },
    "onlineShopping": {
        "correct": 58,
        "total": 71,
        "accuracy": 81.69014084507043
    },
    "distance_0": {
        "correct": 25,
        "total": 31,
        "accuracy": 80.64516129032258
    }
}