{
    "distance_0": {
        "correct": 14,
        "total": 19,
        "accuracy": 73.68421052631578
    },
    "static_factual": {
        "correct": 8,
        "total": 9,
        "accuracy": 88.88888888888889
    },
    "travelPlanning": {
        "correct": 14,
        "total": 19,
        "accuracy": 73.68421052631578
    },
    "abstention": {
        "correct": 6,
        "total": 9,
        "accuracy": 66.66666666666666
    }
}