{
    "distance_1": {
        "correct": 28,
        "total": 39,
        "accuracy": 71.7948717948718
    },
    "static_factual": {
        "correct": 37,
        "total": 37,
        "accuracy": 100.0
    },
    "onlineShopping": {
        "correct": 28,
        "total": 39,
        "accuracy": 71.7948717948718
    },
    "abstention": {
        "correct": 17,
        "total": 37,
        "accuracy": 45.94594594594595
    },
    "distance_0": {
        "correct": 25,
        "total": 35,
        "accuracy": 71.42857142857143
    },
    "foodRecommendation": {
        "correct": 25,
        "total": 35,
        "accuracy": 71.42857142857143
    }
}