{
    "distance_7": {
        "correct": 11,
        "total": 15,
        "accuracy": 73.33333333333333
    },
    "static_factual": {
        "correct": 131,
        "total": 135,
        "accuracy": 97.03703703703704
    },
    "travelPlanning": {
        "correct": 11,
        "total": 15,
        "accuracy": 73.33333333333333
    },
    "abstention": {
        "correct": 75,
        "total": 135,
        "accuracy": 55.55555555555556
    },
    "distance_6": {
        "correct": 5,
        "total": 9,
        "accuracy": 55.55555555555556
    },
    "onlineShopping": {
        "correct": 5,
        "total": 9,
        "accuracy": 55.55555555555556
    },
    "distance_5": {
        "correct": 32,
        "total": 43,
        "accuracy": 74.4186046511628
    },
    "therapy": {
        "correct": 47,
        "total": 65,
        "accuracy": 72.3076923076923
    },
    "reasons_of_change": {
        "correct": 33,
        "total": 33,
        "accuracy": 100.0
    },
    "graph_of_updates": {
        "correct": 22,
        "total": 22,
        "accuracy": 100.0
    },
    "recommendations": {
        "correct": 17,
        "total": 23,
        "accuracy": 73.91304347826086
    },
    "distance_4": {
        "correct": 14,
        "total": 21,
        "accuracy": 66.66666666666666
    },
    "distance_3": {
        "correct": 10,
        "total": 11,
        "accuracy": 90.9090909090909
    },
    "legal": {
        "correct": 10,
        "total": 11,
        "accuracy": 90.9090909090909
    },
    "distance_2": {
        "correct": 59,
        "total": 69,
        "accuracy": 85.5072463768116
    },
    "foodRecommendation": {
        "correct": 204,
        "total": 248,
        "accuracy": 82.25806451612904
    },
    "distance_1": {
        "correct": 67,
        "total": 81,
        "accuracy": 82.71604938271605
    },
    "distance_0": {
        "correct": 76,
        "total": 96,
        "accuracy": 79.16666666666666
    }
}