{
    "distance_7": {
        "correct": 15,
        "total": 21,
        "accuracy": 71.42857142857143
    },
    "static_factual": {
        "correct": 140,
        "total": 142,
        "accuracy": 98.59154929577466
    },
    "onlineShopping": {
        "correct": 15,
        "total": 21,
        "accuracy": 71.42857142857143
    },
    "abstention": {
        "correct": 65,
        "total": 142,
        "accuracy": 45.774647887323944
    },
    "distance_6": {
        "correct": 9,
        "total": 15,
        "accuracy": 60.0
    },
    "datingConsultation": {
        "correct": 9,
        "total": 15,
        "accuracy": 60.0
    },
    "distance_5": {
        "correct": 16,
        "total": 19,
        "accuracy": 84.21052631578947
    },
    "travelPlanning": {
        "correct": 201,
        "total": 247,
        "accuracy": 81.37651821862349
    },
    "distance_4": {
        "correct": 45,
        "total": 56,
        "accuracy": 80.35714285714286
    },
    "graph_of_updates": {
        "correct": 20,
        "total": 21,
        "accuracy": 95.23809523809523
    },
    "recommendations": {
        "correct": 28,
        "total": 30,
        "accuracy": 93.33333333333333
    },
    "reasons_of_change": {
        "correct": 24,
        "total": 24,
        "accuracy": 100.0
    },
    "distance_3": {
        "correct": 27,
        "total": 39,
        "accuracy": 69.23076923076923
    },
    "foodRecommendation": {
        "correct": 27,
        "total": 39,
        "accuracy": 69.23076923076923
    },
    "distance_2": {
        "correct": 71,
        "total": 88,
        "accuracy": 80.68181818181817
    },
    "distance_1": {
        "correct": 66,
        "total": 81,
        "accuracy": 81.48148148148148
    },
    "distance_0": {
        "correct": 24,
        "total": 37,
        "accuracy": 64.86486486486487
    },
    "legal": {
        "correct": 24,
        "total": 37,
        "accuracy": 64.86486486486487
    }
}