{
    "distance_4": {
        "correct": 10,
        "total": 17,
        "accuracy": 58.82352941176471
    },
    "static_factual": {
        "correct": 73,
        "total": 75,
        "accuracy": 97.33333333333334
    },
    "datingConsultation": {
        "correct": 10,
        "total": 17,
        "accuracy": 58.82352941176471
    },
    "abstention": {
        "correct": 25,
        "total": 75,
        "accuracy": 33.33333333333333
    },
    "distance_3": {
        "correct": 28,
        "total": 39,
        "accuracy": 71.7948717948718
    },
    "legal": {
        "correct": 80,
        "total": 117,
        "accuracy": 68.37606837606837
    },
    "reasons_of_change": {
        "correct": 9,
        "total": 9,
        "accuracy": 100.0
    },
    "graph_of_updates": {
        "correct": 6,
        "total": 6,
        "accuracy": 100.0
    },
    "recommendations": {
        "correct": 5,
        "total": 6,
        "accuracy": 83.33333333333334
    },
    "distance_2": {
        "correct": 29,
        "total": 39,
        "accuracy": 74.35897435897436
    },
    "foodRecommendation": {
        "correct": 29,
        "total": 39,
        "accuracy": 74.35897435897436
    },
    "distance_1": {
        "correct": 36,
        "total": 53,
        "accuracy": 67.9245283018868
    },
    "distance_0": {
        "correct": 14,
        "total": 23,
        "accuracy": 60.86956521739131
    }
}