{
    "distance_7": {
        "correct": 14,
        "total": 19,
        "accuracy": 73.68421052631578
    },
    "static_factual": {
        "correct": 103,
        "total": 103,
        "accuracy": 100.0
    },
    "datingConsultation": {
        "correct": 33,
        "total": 47,
        "accuracy": 70.2127659574468
    },
    "abstention": {
        "correct": 28,
        "total": 103,
        "accuracy": 27.184466019417474
    },
    "distance_6": {
        "correct": 15,
        "total": 29,
        "accuracy": 51.724137931034484
    },
    "therapy": {
        "correct": 86,
        "total": 126,
        "accuracy": 68.25396825396825
    },
    "distance_5": {
        "correct": 30,
        "total": 42,
        "accuracy": 71.42857142857143
    },
    "reasons_of_change": {
        "correct": 18,
        "total": 18,
        "accuracy": 100.0
    },
    "graph_of_updates": {
        "correct": 12,
        "total": 13,
        "accuracy": 92.3076923076923
    },
    "recommendations": {
        "correct": 12,
        "total": 13,
        "accuracy": 92.3076923076923
    },
    "distance_4": {
        "correct": 39,
        "total": 53,
        "accuracy": 73.58490566037736
    },
    "distance_3": {
        "correct": 18,
        "total": 27,
        "accuracy": 66.66666666666666
    },
    "distance_2": {
        "correct": 30,
        "total": 39,
        "accuracy": 76.92307692307693
    },
    "travelPlanning": {
        "correct": 30,
        "total": 39,
        "accuracy": 76.92307692307693
    },
    "distance_1": {
        "correct": 3,
        "total": 3,
        "accuracy": 100.0
    },
    "new_content_discriminative": {
        "correct": 3,
        "total": 3,
        "accuracy": 100.0
    },
    "writing": {
        "correct": 3,
        "total": 3,
        "accuracy": 100.0
    },
    "distance_0": {
        "correct": 24,
        "total": 39,
        "accuracy": 61.53846153846154
    },
    "onlineShopping": {
        "correct": 24,
        "total": 39,
        "accuracy": 61.53846153846154
    }
}