{
    "distance_0": {
        "correct": 60,
        "total": 69,
        "accuracy": 86.95652173913044
    },
    "static_factual": {
        "correct": 33,
        "total": 34,
        "accuracy": 97.05882352941177
    },
    "foodRecommendation": {
        "correct": 60,
        "total": 69,
        "accuracy": 86.95652173913044
    },
    "abstention": {
        "correct": 26,
        "total": 34,
        "accuracy": 76.47058823529412
    }
}