{
    "distance_1": {
        "correct": 26,
        "total": 39,
        "accuracy": 66.66666666666666
    },
    "static_factual": {
        "correct": 39,
        "total": 39,
        "accuracy": 100.0
    },
    "foodRecommendation": {
        "correct": 26,
        "total": 39,
        "accuracy": 66.66666666666666
    },
    "abstention": {
        "correct": 13,
        "total": 39,
        "accuracy": 33.33333333333333
    },
    "distance_0": {
        "correct": 26,
        "total": 39,
        "accuracy": 66.66666666666666
    },
    "onlineShopping": {
        "correct": 26,
        "total": 39,
        "accuracy": 66.66666666666666
    }
}