{
    "distance_3": {
        "correct": 17,
        "total": 21,
        "accuracy": 80.95238095238095
    },
    "static_factual": {
        "correct": 47,
        "total": 51,
        "accuracy": 92.15686274509804
    },
    "datingConsultation": {
        "correct": 17,
        "total": 21,
        "accuracy": 80.95238095238095
    },
    "abstention": {
        "correct": 38,
        "total": 51,
        "accuracy": 74.50980392156863
    },
    "distance_2": {
        "correct": 10,
        "total": 11,
        "accuracy": 90.9090909090909
    },
    "legal": {
        "correct": 10,
        "total": 11,
        "accuracy": 90.9090909090909
    },
    "distance_1": {
        "correct": 57,
        "total": 69,
        "accuracy": 82.6086956521739
    },
    "foodRecommendation": {
        "correct": 57,
        "total": 69,
        "accuracy": 82.6086956521739
    }
}