{
    "distance_1": {
        "correct": 27,
        "total": 33,
        "accuracy": 81.81818181818183
    },
    "static_factual": {
        "correct": 27,
        "total": 27,
        "accuracy": 100.0
    },
    "foodRecommendation": {
        "correct": 27,
        "total": 33,
        "accuracy": 81.81818181818183
    },
    "abstention": {
        "correct": 16,
        "total": 27,
        "accuracy": 59.25925925925925
    },
    "distance_0": {
        "correct": 15,
        "total": 21,
        "accuracy": 71.42857142857143
    },
    "therapy": {
        "correct": 15,
        "total": 21,
        "accuracy": 71.42857142857143
    }
}