{
    "distance_6": {
        "correct": 13,
        "total": 15,
        "accuracy": 86.66666666666667
    },
    "static_factual": {
        "correct": 93,
        "total": 96,
        "accuracy": 96.875
    },
    "travelPlanning": {
        "correct": 31,
        "total": 37,
        "accuracy": 83.78378378378379
    },
    "abstention": {
        "correct": 63,
        "total": 96,
        "accuracy": 65.625
    },
    "distance_5": {
        "correct": 6,
        "total": 9,
        "accuracy": 66.66666666666666
    },
    "onlineShopping": {
        "correct": 6,
        "total": 9,
        "accuracy": 66.66666666666666
    },
    "distance_4": {
        "correct": 11,
        "total": 11,
        "accuracy": 100.0
    },
    "legal": {
        "correct": 33,
        "total": 38,
        "accuracy": 86.8421052631579
    },
    "distance_3": {
        "correct": 17,
        "total": 21,
        "accuracy": 80.95238095238095
    },
    "reasons_of_change": {
        "correct": 10,
        "total": 10,
        "accuracy": 100.0
    },
    "graph_of_updates": {
        "correct": 13,
        "total": 13,
        "accuracy": 100.0
    },
    "recommendations": {
        "correct": 16,
        "total": 19,
        "accuracy": 84.21052631578947
    },
    "distance_2": {
        "correct": 21,
        "total": 26,
        "accuracy": 80.76923076923077
    },
    "distance_1": {
        "correct": 58,
        "total": 69,
        "accuracy": 84.05797101449275
    },
    "foodRecommendation": {
        "correct": 126,
        "total": 151,
        "accuracy": 83.44370860927152
    },
    "distance_0": {
        "correct": 67,
        "total": 81,
        "accuracy": 82.71604938271605
    }
}