{
    "distance_2": {
        "correct": 26,
        "total": 37,
        "accuracy": 70.27027027027027
    },
    "static_factual": {
        "correct": 49,
        "total": 49,
        "accuracy": 100.0
    },
    "onlineShopping": {
        "correct": 26,
        "total": 37,
        "accuracy": 70.27027027027027
    },
    "abstention": {
        "correct": 15,
        "total": 49,
        "accuracy": 30.612244897959183
    },
    "distance_1": {
        "correct": 14,
        "total": 23,
        "accuracy": 60.86956521739131
    },
    "legal": {
        "correct": 14,
        "total": 23,
        "accuracy": 60.86956521739131
    },
    "distance_0": {
        "correct": 22,
        "total": 37,
        "accuracy": 59.45945945945946
    },
    "travelPlanning": {
        "correct": 22,
        "total": 37,
        "accuracy": 59.45945945945946
    }
}