{
    "distance_6": {
        "correct": 15,
        "total": 19,
        "accuracy": 78.94736842105263
    },
    "static_factual": {
        "correct": 109,
        "total": 110,
        "accuracy": 99.0909090909091
    },
    "datingConsultation": {
        "correct": 34,
        "total": 47,
        "accuracy": 72.3404255319149
    },
    "abstention": {
        "correct": 45,
        "total": 110,
        "accuracy": 40.909090909090914
    },
    "distance_5": {
        "correct": 18,
        "total": 27,
        "accuracy": 66.66666666666666
    },
    "graph_of_updates": {
        "correct": 7,
        "total": 8,
        "accuracy": 87.5
    },
    "recommendations": {
        "correct": 7,
        "total": 9,
        "accuracy": 77.77777777777779
    },
    "reasons_of_change": {
        "correct": 1,
        "total": 1,
        "accuracy": 100.0
    },
    "distance_4": {
        "correct": 26,
        "total": 39,
        "accuracy": 66.66666666666666
    },
    "foodRecommendation": {
        "correct": 51,
        "total": 72,
        "accuracy": 70.83333333333334
    },
    "distance_3": {
        "correct": 31,
        "total": 39,
        "accuracy": 79.48717948717949
    },
    "travelPlanning": {
        "correct": 31,
        "total": 39,
        "accuracy": 79.48717948717949
    },
    "distance_2": {
        "correct": 24,
        "total": 32,
        "accuracy": 75.0
    },
    "distance_1": {
        "correct": 27,
        "total": 41,
        "accuracy": 65.85365853658537
    },
    "legal": {
        "correct": 27,
        "total": 41,
        "accuracy": 65.85365853658537
    },
    "distance_0": {
        "correct": 24,
        "total": 39,
        "accuracy": 61.53846153846154
    },
    "onlineShopping": {
        "correct": 24,
        "total": 39,
        "accuracy": 61.53846153846154
    }
}