{
    "distance_8": {
        "correct": 9,
        "total": 17,
        "accuracy": 52.94117647058824
    },
    "static_factual": {
        "correct": 126,
        "total": 127,
        "accuracy": 99.21259842519686
    },
    "datingConsultation": {
        "correct": 9,
        "total": 17,
        "accuracy": 52.94117647058824
    },
    "abstention": {
        "correct": 48,
        "total": 127,
        "accuracy": 37.79527559055118
    },
    "distance_7": {
        "correct": 25,
        "total": 31,
        "accuracy": 80.64516129032258
    },
    "onlineShopping": {
        "correct": 121,
        "total": 161,
        "accuracy": 75.15527950310559
    },
    "graph_of_updates": {
        "correct": 17,
        "total": 19,
        "accuracy": 89.47368421052632
    },
    "recommendations": {
        "correct": 17,
        "total": 21,
        "accuracy": 80.95238095238095
    },
    "reasons_of_change": {
        "correct": 11,
        "total": 11,
        "accuracy": 100.0
    },
    "distance_6": {
        "correct": 28,
        "total": 37,
        "accuracy": 75.67567567567568
    },
    "distance_5": {
        "correct": 30,
        "total": 43,
        "accuracy": 69.76744186046511
    },
    "distance_4": {
        "correct": 35,
        "total": 47,
        "accuracy": 74.46808510638297
    },
    "distance_3": {
        "correct": 19,
        "total": 27,
        "accuracy": 70.37037037037037
    },
    "foodRecommendation": {
        "correct": 51,
        "total": 67,
        "accuracy": 76.11940298507463
    },
    "distance_2": {
        "correct": 31,
        "total": 39,
        "accuracy": 79.48717948717949
    },
    "distance_1": {
        "correct": 12,
        "total": 23,
        "accuracy": 52.17391304347826
    },
    "therapy": {
        "correct": 12,
        "total": 23,
        "accuracy": 52.17391304347826
    },
    "distance_0": {
        "correct": 25,
        "total": 37,
        "accuracy": 67.56756756756756
    },
    "travelPlanning": {
        "correct": 25,
        "total": 37,
        "accuracy": 67.56756756756756
    }
}