{
    "distance_9": {
        "correct": 16,
        "total": 21,
        "accuracy": 76.19047619047619
    },
    "static_factual": {
        "correct": 119,
        "total": 120,
        "accuracy": 99.16666666666667
    },
    "onlineShopping": {
        "correct": 38,
        "total": 50,
        "accuracy": 76.0
    },
    "abstention": {
        "correct": 38,
        "total": 120,
        "accuracy": 31.666666666666664
    },
    "distance_8": {
        "correct": 7,
        "total": 15,
        "accuracy": 46.666666666666664
    },
    "datingConsultation": {
        "correct": 64,
        "total": 91,
        "accuracy": 70.32967032967034
    },
    "distance_7": {
        "correct": 16,
        "total": 19,
        "accuracy": 84.21052631578947
    },
    "travelPlanning": {
        "correct": 16,
        "total": 19,
        "accuracy": 84.21052631578947
    },
    "distance_6": {
        "correct": 19,
        "total": 39,
        "accuracy": 48.717948717948715
    },
    "therapy": {
        "correct": 99,
        "total": 150,
        "accuracy": 66.0
    },
    "distance_5": {
        "correct": 21,
        "total": 28,
        "accuracy": 75.0
    },
    "graph_of_updates": {
        "correct": 21,
        "total": 25,
        "accuracy": 84.0
    },
    "recommendations": {
        "correct": 19,
        "total": 24,
        "accuracy": 79.16666666666666
    },
    "reasons_of_change": {
        "correct": 20,
        "total": 20,
        "accuracy": 100.0
    },
    "distance_4": {
        "correct": 24,
        "total": 33,
        "accuracy": 72.72727272727273
    },
    "distance_3": {
        "correct": 31,
        "total": 41,
        "accuracy": 75.60975609756098
    },
    "distance_2": {
        "correct": 18,
        "total": 27,
        "accuracy": 66.66666666666666
    },
    "distance_1": {
        "correct": 29,
        "total": 39,
        "accuracy": 74.35897435897436
    },
    "distance_0": {
        "correct": 30,
        "total": 42,
        "accuracy": 71.42857142857143
    }
}