{
    "distance_2": {
        "correct": 14,
        "total": 21,
        "accuracy": 66.66666666666666
    },
    "static_factual": {
        "correct": 43,
        "total": 45,
        "accuracy": 95.55555555555556
    },
    "datingConsultation": {
        "correct": 14,
        "total": 21,
        "accuracy": 66.66666666666666
    },
    "abstention": {
        "correct": 33,
        "total": 45,
        "accuracy": 73.33333333333333
    },
    "distance_1": {
        "correct": 62,
        "total": 69,
        "accuracy": 89.85507246376811
    },
    "foodRecommendation": {
        "correct": 62,
        "total": 69,
        "accuracy": 89.85507246376811
    }
}