{
    "distance_1": {
        "correct": 16,
        "total": 19,
        "accuracy": 84.21052631578947
    },
    "static_factual": {
        "correct": 29,
        "total": 29,
        "accuracy": 100.0
    },
    "travelPlanning": {
        "correct": 16,
        "total": 19,
        "accuracy": 84.21052631578947
    },
    "abstention": {
        "correct": 8,
        "total": 29,
        "accuracy": 27.586206896551722
    },
    "distance_0": {
        "correct": 20,
        "total": 39,
        "accuracy": 51.28205128205128
    },
    "therapy": {
        "correct": 20,
        "total": 39,
        "accuracy": 51.28205128205128
    }
}