{
    "distance_2": {
        "correct": 10,
        "total": 15,
        "accuracy": 66.66666666666666
    },
    "static_factual": {
        "correct": 23,
        "total": 23,
        "accuracy": 100.0
    },
    "travelPlanning": {
        "correct": 10,
        "total": 15,
        "accuracy": 66.66666666666666
    },
    "abstention": {
        "correct": 6,
        "total": 23,
        "accuracy": 26.08695652173913
    },
    "distance_1": {
        "correct": 5,
        "total": 9,
        "accuracy": 55.55555555555556
    },
    "onlineShopping": {
        "correct": 5,
        "total": 9,
        "accuracy": 55.55555555555556
    },
    "distance_0": {
        "correct": 12,
        "total": 21,
        "accuracy": 57.14285714285714
    },
    "therapy": {
        "correct": 12,
        "total": 21,
        "accuracy": 57.14285714285714
    }
}