{
    "distance_2": {
        "correct": 9,
        "total": 11,
        "accuracy": 81.81818181818183
    },
    "static_factual": {
        "correct": 29,
        "total": 29,
        "accuracy": 100.0
    },
    "foodRecommendation": {
        "correct": 9,
        "total": 11,
        "accuracy": 81.81818181818183
    },
    "abstention": {
        "correct": 12,
        "total": 29,
        "accuracy": 41.37931034482759
    },
    "distance_1": {
        "correct": 7,
        "total": 13,
        "accuracy": 53.84615384615385
    },
    "legal": {
        "correct": 7,
        "total": 13,
        "accuracy": 53.84615384615385
    },
    "distance_0": {
        "correct": 24,
        "total": 33,
        "accuracy": 72.72727272727273
    },
    "travelPlanning": {
        "correct": 24,
        "total": 33,
        "accuracy": 72.72727272727273
    }
}