{
    "distance_0": {
        "correct": 16,
        "total": 29,
        "accuracy": 55.172413793103445
    },
    "static_factual": {
        "correct": 14,
        "total": 14,
        "accuracy": 100.0
    },
    "therapy": {
        "correct": 16,
        "total": 29,
        "accuracy": 55.172413793103445
    },
    "abstention": {
        "correct": 2,
        "total": 14,
        "accuracy": 14.285714285714285
    }
}