{
    "distance_2": {
        "correct": 13,
        "total": 19,
        "accuracy": 68.42105263157895
    },
    "static_factual": {
        "correct": 44,
        "total": 44,
        "accuracy": 100.0
    },
    "datingConsultation": {
        "correct": 13,
        "total": 19,
        "accuracy": 68.42105263157895
    },
    "abstention": {
        "correct": 14,
        "total": 44,
        "accuracy": 31.818181818181817
    },
    "distance_1": {
        "correct": 15,
        "total": 29,
        "accuracy": 51.724137931034484
    },
    "therapy": {
        "correct": 15,
        "total": 29,
        "accuracy": 51.724137931034484
    },
    "distance_0": {
        "correct": 28,
        "total": 39,
        "accuracy": 71.7948717948718
    },
    "travelPlanning": {
        "correct": 28,
        "total": 39,
        "accuracy": 71.7948717948718
    }
}