{
    "distance_6": {
        "correct": 8,
        "total": 11,
        "accuracy": 72.72727272727273
    },
    "static_factual": {
        "correct": 79,
        "total": 79,
        "accuracy": 100.0
    },
    "foodRecommendation": {
        "correct": 8,
        "total": 11,
        "accuracy": 72.72727272727273
    },
    "abstention": {
        "correct": 23,
        "total": 79,
        "accuracy": 29.11392405063291
    },
    "distance_5": {
        "correct": 7,
        "total": 13,
        "accuracy": 53.84615384615385
    },
    "legal": {
        "correct": 7,
        "total": 13,
        "accuracy": 53.84615384615385
    },
    "distance_4": {
        "correct": 16,
        "total": 26,
        "accuracy": 61.53846153846154
    },
    "therapy": {
        "correct": 22,
        "total": 38,
        "accuracy": 57.89473684210527
    },
    "graph_of_updates": {
        "correct": 8,
        "total": 9,
        "accuracy": 88.88888888888889
    },
    "recommendations": {
        "correct": 9,
        "total": 10,
        "accuracy": 90.0
    },
    "distance_3": {
        "correct": 5,
        "total": 11,
        "accuracy": 45.45454545454545
    },
    "distance_2": {
        "correct": 49,
        "total": 67,
        "accuracy": 73.13432835820896
    },
    "travelPlanning": {
        "correct": 72,
        "total": 101,
        "accuracy": 71.28712871287128
    },
    "reasons_of_change": {
        "correct": 3,
        "total": 3,
        "accuracy": 100.0
    },
    "distance_1": {
        "correct": 22,
        "total": 33,
        "accuracy": 66.66666666666666
    },
    "distance_0": {
        "correct": 11,
        "total": 17,
        "accuracy": 64.70588235294117
    },
    "onlineShopping": {
        "correct": 11,
        "total": 17,
        "accuracy": 64.70588235294117
    }
}