{
    "distance_9": {
        "correct": 7,
        "total": 15,
        "accuracy": 46.666666666666664
    },
    "static_factual": {
        "correct": 142,
        "total": 142,
        "accuracy": 100.0
    },
    "therapy": {
        "correct": 45,
        "total": 62,
        "accuracy": 72.58064516129032
    },
    "abstention": {
        "correct": 59,
        "total": 142,
        "accuracy": 41.54929577464789
    },
    "distance_8": {
        "correct": 18,
        "total": 27,
        "accuracy": 66.66666666666666
    },
    "legal": {
        "correct": 92,
        "total": 119,
        "accuracy": 77.31092436974791
    },
    "distance_7": {
        "correct": 28,
        "total": 37,
        "accuracy": 75.67567567567568
    },
    "datingConsultation": {
        "correct": 28,
        "total": 37,
        "accuracy": 75.67567567567568
    },
    "distance_6": {
        "correct": 37,
        "total": 46,
        "accuracy": 80.43478260869566
    },
    "reasons_of_change": {
        "correct": 25,
        "total": 25,
        "accuracy": 100.0
    },
    "graph_of_updates": {
        "correct": 26,
        "total": 28,
        "accuracy": 92.85714285714286
    },
    "recommendations": {
        "correct": 25,
        "total": 30,
        "accuracy": 83.33333333333334
    },
    "distance_5": {
        "correct": 26,
        "total": 39,
        "accuracy": 66.66666666666666
    },
    "onlineShopping": {
        "correct": 85,
        "total": 114,
        "accuracy": 74.56140350877193
    },
    "distance_4": {
        "correct": 58,
        "total": 74,
        "accuracy": 78.37837837837837
    },
    "distance_3": {
        "correct": 37,
        "total": 44,
        "accuracy": 84.0909090909091
    },
    "distance_2": {
        "correct": 35,
        "total": 46,
        "accuracy": 76.08695652173914
    },
    "distance_1": {
        "correct": 6,
        "total": 6,
        "accuracy": 100.0
    },
    "new_content_discriminative": {
        "correct": 6,
        "total": 6,
        "accuracy": 100.0
    },
    "writing": {
        "correct": 6,
        "total": 6,
        "accuracy": 100.0
    },
    "distance_0": {
        "correct": 26,
        "total": 35,
        "accuracy": 74.28571428571429
    },
    "foodRecommendation": {
        "correct": 26,
        "total": 35,
        "accuracy": 74.28571428571429
    }
}