{
    "distance_7": {
        "correct": 10,
        "total": 17,
        "accuracy": 58.82352941176471
    },
    "static_factual": {
        "correct": 122,
        "total": 123,
        "accuracy": 99.1869918699187
    },
    "datingConsultation": {
        "correct": 91,
        "total": 114,
        "accuracy": 79.82456140350878
    },
    "abstention": {
        "correct": 71,
        "total": 123,
        "accuracy": 57.72357723577236
    },
    "distance_6": {
        "correct": 28,
        "total": 37,
        "accuracy": 75.67567567567568
    },
    "onlineShopping": {
        "correct": 69,
        "total": 85,
        "accuracy": 81.17647058823529
    },
    "distance_5": {
        "correct": 40,
        "total": 47,
        "accuracy": 85.1063829787234
    },
    "recommendations": {
        "correct": 13,
        "total": 16,
        "accuracy": 81.25
    },
    "reasons_of_change": {
        "correct": 12,
        "total": 12,
        "accuracy": 100.0
    },
    "graph_of_updates": {
        "correct": 12,
        "total": 14,
        "accuracy": 85.71428571428571
    },
    "distance_4": {
        "correct": 21,
        "total": 27,
        "accuracy": 77.77777777777779
    },
    "foodRecommendation": {
        "correct": 55,
        "total": 67,
        "accuracy": 82.08955223880598
    },
    "distance_3": {
        "correct": 33,
        "total": 39,
        "accuracy": 84.61538461538461
    },
    "distance_2": {
        "correct": 38,
        "total": 45,
        "accuracy": 84.44444444444444
    },
    "distance_1": {
        "correct": 41,
        "total": 50,
        "accuracy": 82.0
    },
    "distance_0": {
        "correct": 14,
        "total": 23,
        "accuracy": 60.86956521739131
    },
    "legal": {
        "correct": 14,
        "total": 23,
        "accuracy": 60.86956521739131
    }
}