{
    "distance_2": {
        "correct": 26,
        "total": 37,
        "accuracy": 70.27027027027027
    },
    "static_factual": {
        "correct": 50,
        "total": 50,
        "accuracy": 100.0
    },
    "onlineShopping": {
        "correct": 26,
        "total": 37,
        "accuracy": 70.27027027027027
    },
    "abstention": {
        "correct": 25,
        "total": 50,
        "accuracy": 50.0
    },
    "distance_1": {
        "correct": 33,
        "total": 39,
        "accuracy": 84.61538461538461
    },
    "foodRecommendation": {
        "correct": 33,
        "total": 39,
        "accuracy": 84.61538461538461
    },
    "distance_0": {
        "correct": 14,
        "total": 23,
        "accuracy": 60.86956521739131
    },
    "legal": {
        "correct": 14,
        "total": 23,
        "accuracy": 60.86956521739131
    }
}