{
    "distance_4": {
        "correct": 11,
        "total": 17,
        "accuracy": 64.70588235294117
    },
    "static_factual": {
        "correct": 70,
        "total": 70,
        "accuracy": 100.0
    },
    "datingConsultation": {
        "correct": 11,
        "total": 17,
        "accuracy": 64.70588235294117
    },
    "abstention": {
        "correct": 26,
        "total": 70,
        "accuracy": 37.142857142857146
    },
    "distance_3": {
        "correct": 28,
        "total": 37,
        "accuracy": 75.67567567567568
    },
    "onlineShopping": {
        "correct": 66,
        "total": 85,
        "accuracy": 77.64705882352942
    },
    "distance_2": {
        "correct": 37,
        "total": 47,
        "accuracy": 78.72340425531915
    },
    "recommendations": {
        "correct": 10,
        "total": 11,
        "accuracy": 90.9090909090909
    },
    "reasons_of_change": {
        "correct": 5,
        "total": 5,
        "accuracy": 100.0
    },
    "graph_of_updates": {
        "correct": 7,
        "total": 9,
        "accuracy": 77.77777777777779
    },
    "distance_1": {
        "correct": 20,
        "total": 27,
        "accuracy": 74.07407407407408
    },
    "travelPlanning": {
        "correct": 42,
        "total": 65,
        "accuracy": 64.61538461538461
    },
    "distance_0": {
        "correct": 21,
        "total": 37,
        "accuracy": 56.75675675675676
    }
}