{
    "distance_1": {
        "correct": 15,
        "total": 19,
        "accuracy": 78.94736842105263
    },
    "static_factual": {
        "correct": 28,
        "total": 29,
        "accuracy": 96.55172413793103
    },
    "travelPlanning": {
        "correct": 15,
        "total": 19,
        "accuracy": 78.94736842105263
    },
    "abstention": {
        "correct": 9,
        "total": 29,
        "accuracy": 31.03448275862069
    },
    "distance_0": {
        "correct": 21,
        "total": 39,
        "accuracy": 53.84615384615385
    },
    "therapy": {
        "correct": 21,
        "total": 39,
        "accuracy": 53.84615384615385
    }
}