{
    "distance_0": {
        "correct": 10,
        "total": 19,
        "accuracy": 52.63157894736842
    },
    "static_factual": {
        "correct": 9,
        "total": 9,
        "accuracy": 100.0
    },
    "legal": {
        "correct": 10,
        "total": 19,
        "accuracy": 52.63157894736842
    },
    "abstention": {
        "correct": 1,
        "total": 9,
        "accuracy": 11.11111111111111
    }
}