{
    "distance_0": {
        "correct": 14,
        "total": 25,
        "accuracy": 56.00000000000001
    },
    "static_factual": {
        "correct": 11,
        "total": 12,
        "accuracy": 91.66666666666666
    },
    "therapy": {
        "correct": 14,
        "total": 25,
        "accuracy": 56.00000000000001
    },
    "abstention": {
        "correct": 3,
        "total": 12,
        "accuracy": 25.0
    }
}