{
    "distance_0": {
        "correct": 25,
        "total": 35,
        "accuracy": 71.42857142857143
    },
    "static_factual": {
        "correct": 17,
        "total": 17,
        "accuracy": 100.0
    },
    "foodRecommendation": {
        "correct": 25,
        "total": 35,
        "accuracy": 71.42857142857143
    },
    "abstention": {
        "correct": 8,
        "total": 17,
        "accuracy": 47.05882352941176
    }
}