{
    "distance_3": {
        "correct": 13,
        "total": 19,
        "accuracy": 68.42105263157895
    },
    "static_factual": {
        "correct": 65,
        "total": 65,
        "accuracy": 100.0
    },
    "datingConsultation": {
        "correct": 13,
        "total": 19,
        "accuracy": 68.42105263157895
    },
    "abstention": {
        "correct": 19,
        "total": 65,
        "accuracy": 29.230769230769234
    },
    "distance_2": {
        "correct": 18,
        "total": 29,
        "accuracy": 62.06896551724138
    },
    "therapy": {
        "correct": 18,
        "total": 29,
        "accuracy": 62.06896551724138
    },
    "distance_1": {
        "correct": 26,
        "total": 39,
        "accuracy": 66.66666666666666
    },
    "foodRecommendation": {
        "correct": 26,
        "total": 39,
        "accuracy": 66.66666666666666
    },
    "distance_0": {
        "correct": 24,
        "total": 41,
        "accuracy": 58.536585365853654
    },
    "legal": {
        "correct": 24,
        "total": 41,
        "accuracy": 58.536585365853654
    }
}