{
    "distance_8": {
        "correct": 16,
        "total": 21,
        "accuracy": 76.19047619047619
    },
    "static_factual": {
        "correct": 113,
        "total": 115,
        "accuracy": 98.26086956521739
    },
    "onlineShopping": {
        "correct": 39,
        "total": 50,
        "accuracy": 78.0
    },
    "abstention": {
        "correct": 40,
        "total": 115,
        "accuracy": 34.78260869565217
    },
    "distance_7": {
        "correct": 8,
        "total": 15,
        "accuracy": 53.333333333333336
    },
    "datingConsultation": {
        "correct": 8,
        "total": 15,
        "accuracy": 53.333333333333336
    },
    "distance_6": {
        "correct": 28,
        "total": 39,
        "accuracy": 71.7948717948718
    },
    "foodRecommendation": {
        "correct": 89,
        "total": 123,
        "accuracy": 72.35772357723577
    },
    "distance_5": {
        "correct": 20,
        "total": 39,
        "accuracy": 51.28205128205128
    },
    "therapy": {
        "correct": 20,
        "total": 39,
        "accuracy": 51.28205128205128
    },
    "distance_4": {
        "correct": 27,
        "total": 37,
        "accuracy": 72.97297297297297
    },
    "legal": {
        "correct": 27,
        "total": 37,
        "accuracy": 72.97297297297297
    },
    "distance_3": {
        "correct": 22,
        "total": 28,
        "accuracy": 78.57142857142857
    },
    "graph_of_updates": {
        "correct": 12,
        "total": 13,
        "accuracy": 92.3076923076923
    },
    "recommendations": {
        "correct": 11,
        "total": 13,
        "accuracy": 84.61538461538461
    },
    "reasons_of_change": {
        "correct": 8,
        "total": 8,
        "accuracy": 100.0
    },
    "distance_2": {
        "correct": 31,
        "total": 44,
        "accuracy": 70.45454545454545
    },
    "distance_1": {
        "correct": 7,
        "total": 7,
        "accuracy": 100.0
    },
    "new_content_discriminative": {
        "correct": 7,
        "total": 7,
        "accuracy": 100.0
    },
    "writing": {
        "correct": 7,
        "total": 7,
        "accuracy": 100.0
    },
    "distance_0": {
        "correct": 28,
        "total": 38,
        "accuracy": 73.68421052631578
    }
}