{
    "distance_3": {
        "correct": 6,
        "total": 13,
        "accuracy": 46.15384615384615
    },
    "static_factual": {
        "correct": 31,
        "total": 31,
        "accuracy": 100.0
    },
    "legal": {
        "correct": 6,
        "total": 13,
        "accuracy": 46.15384615384615
    },
    "abstention": {
        "correct": 8,
        "total": 31,
        "accuracy": 25.806451612903224
    },
    "distance_2": {
        "correct": 17,
        "total": 26,
        "accuracy": 65.38461538461539
    },
    "onlineShopping": {
        "correct": 30,
        "total": 44,
        "accuracy": 68.18181818181817
    },
    "graph_of_updates": {
        "correct": 1,
        "total": 2,
        "accuracy": 50.0
    },
    "recommendations": {
        "correct": 1,
        "total": 3,
        "accuracy": 33.33333333333333
    },
    "distance_1": {
        "correct": 5,
        "total": 11,
        "accuracy": 45.45454545454545
    },
    "therapy": {
        "correct": 5,
        "total": 11,
        "accuracy": 45.45454545454545
    },
    "distance_0": {
        "correct": 12,
        "total": 17,
        "accuracy": 70.58823529411765
    }
}