{
    "distance_9": {
        "correct": 7,
        "total": 7,
        "accuracy": 100.0
    },
    "new_content_discriminative": {
        "correct": 7,
        "total": 7,
        "accuracy": 100.0
    },
    "writing": {
        "correct": 7,
        "total": 7,
        "accuracy": 100.0
    },
    "distance_8": {
        "correct": 9,
        "total": 15,
        "accuracy": 60.0
    },
    "static_factual": {
        "correct": 124,
        "total": 124,
        "accuracy": 100.0
    },
    "datingConsultation": {
        "correct": 122,
        "total": 153,
        "accuracy": 79.73856209150327
    },
    "abstention": {
        "correct": 46,
        "total": 124,
        "accuracy": 37.096774193548384
    },
    "distance_7": {
        "correct": 16,
        "total": 19,
        "accuracy": 84.21052631578947
    },
    "travelPlanning": {
        "correct": 16,
        "total": 19,
        "accuracy": 84.21052631578947
    },
    "distance_6": {
        "correct": 22,
        "total": 39,
        "accuracy": 56.41025641025641
    },
    "therapy": {
        "correct": 71,
        "total": 107,
        "accuracy": 66.35514018691589
    },
    "distance_5": {
        "correct": 23,
        "total": 37,
        "accuracy": 62.16216216216216
    },
    "legal": {
        "correct": 23,
        "total": 37,
        "accuracy": 62.16216216216216
    },
    "distance_4": {
        "correct": 27,
        "total": 33,
        "accuracy": 81.81818181818183
    },
    "graph_of_updates": {
        "correct": 21,
        "total": 23,
        "accuracy": 91.30434782608695
    },
    "recommendations": {
        "correct": 19,
        "total": 22,
        "accuracy": 86.36363636363636
    },
    "reasons_of_change": {
        "correct": 22,
        "total": 22,
        "accuracy": 100.0
    },
    "distance_3": {
        "correct": 34,
        "total": 41,
        "accuracy": 82.92682926829268
    },
    "distance_2": {
        "correct": 49,
        "total": 61,
        "accuracy": 80.32786885245902
    },
    "distance_1": {
        "correct": 17,
        "total": 27,
        "accuracy": 62.96296296296296
    },
    "distance_0": {
        "correct": 30,
        "total": 39,
        "accuracy": 76.92307692307693
    }
}