{
    "distance_8": {
        "correct": 11,
        "total": 17,
        "accuracy": 64.70588235294117
    },
    "static_factual": {
        "correct": 138,
        "total": 138,
        "accuracy": 100.0
    },
    "datingConsultation": {
        "correct": 11,
        "total": 17,
        "accuracy": 64.70588235294117
    },
    "abstention": {
        "correct": 52,
        "total": 138,
        "accuracy": 37.68115942028986
    },
    "distance_7": {
        "correct": 27,
        "total": 37,
        "accuracy": 72.97297297297297
    },
    "onlineShopping": {
        "correct": 27,
        "total": 37,
        "accuracy": 72.97297297297297
    },
    "distance_6": {
        "correct": 28,
        "total": 39,
        "accuracy": 71.7948717948718
    },
    "legal": {
        "correct": 112,
        "total": 152,
        "accuracy": 73.68421052631578
    },
    "reasons_of_change": {
        "correct": 13,
        "total": 14,
        "accuracy": 92.85714285714286
    },
    "graph_of_updates": {
        "correct": 8,
        "total": 8,
        "accuracy": 100.0
    },
    "recommendations": {
        "correct": 7,
        "total": 8,
        "accuracy": 87.5
    },
    "distance_5": {
        "correct": 31,
        "total": 39,
        "accuracy": 79.48717948717949
    },
    "foodRecommendation": {
        "correct": 31,
        "total": 39,
        "accuracy": 79.48717948717949
    },
    "distance_4": {
        "correct": 40,
        "total": 53,
        "accuracy": 75.47169811320755
    },
    "distance_3": {
        "correct": 42,
        "total": 58,
        "accuracy": 72.41379310344827
    },
    "distance_2": {
        "correct": 16,
        "total": 23,
        "accuracy": 69.56521739130434
    },
    "therapy": {
        "correct": 16,
        "total": 23,
        "accuracy": 69.56521739130434
    },
    "distance_1": {
        "correct": 19,
        "total": 37,
        "accuracy": 51.35135135135135
    },
    "travelPlanning": {
        "correct": 19,
        "total": 37,
        "accuracy": 51.35135135135135
    },
    "distance_0": {
        "correct": 7,
        "total": 7,
        "accuracy": 100.0
    },
    "new_content_discriminative": {
        "correct": 7,
        "total": 7,
        "accuracy": 100.0
    },
    "writing": {
        "correct": 7,
        "total": 7,
        "accuracy": 100.0
    }
}